Men's,Men's Categories,Options
,Men's Tops,
,,T-Shirts
,,Button Downs
,,Graphic T-Shirts
,,Licensed Graphics
,,Coats & Jackets
,,Sweaters
,,Sweatshirts & Hoodies
,,Polos
,Men's Bottoms,
,,Jeans
,,Pants
,,Sweatpants
,,Pajama Bottoms
,,Shorts
,,Swimsuits
,Active,
,,Activewear Tops
,,Activewear Bottoms
,,Shop by Activity
,Accessories,
,,Socks & Underwear
,,Pajamas & Loungewear
,,Shoes
,,Accessories
,,
Women's,Women's Categories,
,Pajamas,
,Activewear,
,All Bottoms,
,Jeans,
,Pants,
,All Tops,
,Sweaters & Cardigans,
,T-Shirts,
,Sweatshirts & Sweatpants,
,Loungewear,
,Coats & Jackets,
,Dresses & Jumpsuits,
,Puffer Jackers & Vests,
,Dresses & Jumpsuits,
,Skirts,
,Shirts & Blouses,
,Button-Down Shirts,
,Everyday Leggings,
,Bras & Underwear,
,Shorts,
,Swimsuits,
,,
Boy's,Boy's Categories,
,New Arrivals,
,Activewear,
,Sweatshirts & Sweatpants,
,Pajamas,
,Graphic Tees & T-Shirts,
,Polos,
,Button Downs & Flannels,
,Sweaters,
,Coats & Jackets,
,Pants,
,Jeans,
,Shorts,
,Swimsuits,
,Shoes,
,Accessories,
,Socks & Underwear,
,Multipacks,
,,
Girl's,Girl's Categories,
,New Arrivals,
,Activewear,
,Sweatshirts & Sweatpants,
,Pajamas,
,Graphic Tees & T-Shirts,
,Shirts & Blouses,
,Sweaters,
,Coats & Jackets,
,Dresses & Jumpsuits,
,Swimsuits,
,Shorts & Skirts,
,Jeans,
,Leggings,
,Pants ,
,Shoes,
,Accessories,
,Socks & Underwear,